review,rating,date,bank,source,sentiment_label,sentiment_score,numerical_sentiment,identified_themes
Is too good,5,2025-06-17,Commercial Bank of Ethiopia Mobile,Google Play Store,positive,0.9998205304145812,1,General Positive
·à∞·àã·àù ·ã®·àù·äñ·à®·ãç ·ãç·å≠ ·àÄ·åà·à≠ ·äê·ãç ·ã®·äï·åç·ãµ ·â£·äï·ä≠ ·ä†·ä´·ãç·äï·âµ ·ä†·àà·äù ·ä•·äï·ã¥·âµ ·àã·äï·âÄ·à≥·âÖ·à∞·ãç,5,2025-06-16,Commercial Bank of Ethiopia Mobile,Google Play Store,negative,0.9445853233337402,-1,Other/Uncategorized
·ã≠·àÖ·äï ·â£·äï·ä≠ ·àò·å†·âÄ·àù ·ã´·àµ·å†·àã·äõ·àç ·åà·äï·ãò·â§·äï ·ã∞·åã·åç·àò·ãç ·ã´·ãô·äù ·â•·ã¨ ·ä†·àµ·â£·àà·àÅ ·ã≠·àÖ·àù ·â∞·àµ·çã ·ä†·àµ·âÜ·à´·å≠ ·àµ·à≠·âÜ·âµ ·ä†·àµ·àò·àµ·àé ·àò·å£ ·àõ·àà·âµ ·â†·à≥·àù·äï·âµ ·à∂·àµ·âµ ·åä·ãú ·åà·äï·ãò·â§·äï ·à∞·à®·âÅ·äù ·àõ·àà·âµ ·ã≠·å†·ã®·âÖ·àç·äù,5,2025-06-16,Commercial Bank of Ethiopia Mobile,Google Play Store,negative,0.9615163207054138,-1,Other/Uncategorized
"it makes my life easy, and I feel like it deserves a 4-star.",4,2025-06-16,Commercial Bank of Ethiopia Mobile,Google Play Store,positive,0.9993563294410706,1,Ease of Use
I'm commenting with another email again. It must prevent login for two step verification key without your real fingerprint. First I told you to add biometric security on this platform. Then you added it. perhaps it is not different from login password still. no number or any other characters to open two step verification key. The best way to protect our wallet which is invisible to anyone is only fingerprint. password can be cheated. login for two step verification should be only fingerprint.,3,2025-06-16,Commercial Bank of Ethiopia Mobile,Google Play Store,negative,0.99873548746109,-1,Login/Authentication; Customer Service; Security
It's best app but Please add(included) water bill payment ?,4,2025-06-16,Commercial Bank of Ethiopia Mobile,Google Play Store,negative,0.91436505317688,-1,Transactions
the system works even from wherever I am abroad CBE‚òÜ‚òÜ‚òÜ‚òÜ‚òÜ,5,2025-06-15,Commercial Bank of Ethiopia Mobile,Google Play Store,positive,0.994903326034546,1,Other/Uncategorized
very nice to use this app,5,2025-06-14,Commercial Bank of Ethiopia Mobile,Google Play Store,positive,0.9996718168258668,1,General Positive
good üëç,4,2025-06-14,Commercial Bank of Ethiopia Mobile,Google Play Store,positive,0.9998576641082764,1,General Positive
Good service and have lightly internet accessed,3,2025-06-14,Commercial Bank of Ethiopia Mobile,Google Play Store,negative,0.6808244585990906,-1,Customer Service; Features; Network/Connectivity
the best mobile banking ever in Ethiopia,5,2025-06-13,Commercial Bank of Ethiopia Mobile,Google Play Store,positive,0.9998283386230468,1,General Positive
waw,5,2025-06-13,Commercial Bank of Ethiopia Mobile,Google Play Store,negative,0.7346182465553284,-1,Other/Uncategorized
good app fast,5,2025-06-13,Commercial Bank of Ethiopia Mobile,Google Play Store,positive,0.9998340606689452,1,Performance
very good work cbe team well developed,5,2025-06-13,Commercial Bank of Ethiopia Mobile,Google Play Store,positive,0.9998407363891602,1,General Positive
Excellent and easy to access and uptodate.,5,2025-06-13,Commercial Bank of Ethiopia Mobile,Google Play Store,positive,0.9998615980148317,1,Ease of Use
Nice,5,2025-06-12,Commercial Bank of Ethiopia Mobile,Google Play Store,positive,0.9998552799224854,1,General Positive
Best mobile banking app in Ethiopian banking industry. Keep up CBE,5,2025-06-12,Commercial Bank of Ethiopia Mobile,Google Play Store,positive,0.9997265934944152,1,General Positive
it's very helpful app in any way in and out of the county of Ethiopia good luck,5,2025-06-12,Commercial Bank of Ethiopia Mobile,Google Play Store,positive,0.9995100498199464,1,Customer Service
good app,5,2025-06-11,Commercial Bank of Ethiopia Mobile,Google Play Store,positive,0.9998493194580078,1,General Positive
So bad now and hard to use,5,2025-06-09,Commercial Bank of Ethiopia Mobile,Google Play Store,negative,0.999805748462677,-1,General Negative
"it is so amazing app. but, it is better to update it to access without any internet fees. just make it to open by free internet service when we open data connection.",5,2025-06-09,Commercial Bank of Ethiopia Mobile,Google Play Store,positive,0.9496428966522216,1,Customer Service; Features; Updates; Network/Connectivity
v.good app,4,2025-06-09,Commercial Bank of Ethiopia Mobile,Google Play Store,positive,0.995270311832428,1,General Positive
very good app,1,2025-06-09,Commercial Bank of Ethiopia Mobile,Google Play Store,positive,0.9998675584793092,1,General Positive
Very amazing app indeed. I'm enjoying it,5,2025-06-08,Commercial Bank of Ethiopia Mobile,Google Play Store,positive,0.9998819828033448,1,General Positive
Best,5,2025-06-08,Commercial Bank of Ethiopia Mobile,Google Play Store,positive,0.9997941851615906,1,General Positive
A great app. It's like carrying a bank in your pocket.,4,2025-06-07,Commercial Bank of Ethiopia Mobile,Google Play Store,positive,0.9992928504943848,1,General Positive
More than garrantty bank EBC.,4,2025-06-07,Commercial Bank of Ethiopia Mobile,Google Play Store,positive,0.9971959590911864,1,Other/Uncategorized
really am happy to this app it is Siple to use everything,5,2025-06-07,Commercial Bank of Ethiopia Mobile,Google Play Store,positive,0.9988697171211244,1,Other/Uncategorized
I liked this app. But the User interface is very basic and not attractive at all.,2,2025-06-07,Commercial Bank of Ethiopia Mobile,Google Play Store,negative,0.9996840953826904,-1,User Interface
"""Why don‚Äôt your ATMs support account-to-account transfers like other countries( Kenya, Nigeria , South africa)""",4,2025-06-06,Commercial Bank of Ethiopia Mobile,Google Play Store,negative,0.9964652061462402,-1,Transactions; Customer Service
what is this app problem???,1,2025-06-05,Commercial Bank of Ethiopia Mobile,Google Play Store,negative,0.9996225833892822,-1,Other/Uncategorized
the app is proactive and a good connections.,5,2025-06-05,Commercial Bank of Ethiopia Mobile,Google Play Store,positive,0.9998679161071776,1,Network/Connectivity
I cannot send to cbebirr app. through this app.,3,2025-06-05,Commercial Bank of Ethiopia Mobile,Google Play Store,negative,0.9953354001045228,-1,Other/Uncategorized
good,4,2025-06-05,Commercial Bank of Ethiopia Mobile,Google Play Store,positive,0.999816119670868,1,General Positive
not functional,1,2025-06-05,Commercial Bank of Ethiopia Mobile,Google Play Store,negative,0.999778687953949,-1,Features
"everytime you uninstall the app you have to reach them out physically. very oldy! if that's one of security layer, they'd check for fraud attempt via app source directly(source:- app store, play store ... etc) implicitly ! we are in 2025, physical presence for every app install is traditional(traditionally very rare).",1,2025-06-04,Commercial Bank of Ethiopia Mobile,Google Play Store,negative,0.9905161261558532,-1,Customer Service; Security
·ä†·ä´·ãç·äï·âµ ·ã®·àù·äì·àµ·åà·â£·â†·âµ ·â¶·â≥ ·àµ·àù ·åΩ·çà·äï ·äê·ãç ·ä®·ãö·àÖ ·â†·çä·âµ ·ã®·àã·ä≠·äï·â£·â∏·ãç·äï ·ä†·ä´·ãâ·äï·â∂·âΩ ·ã®·àù·äï·çà·àç·åà·ãâ ·äê·åà·à≠ ·åç·äï ·ä†·ã≤·àµ ·ä†·ä´·ãç·äï·â∂·âΩ mr ·â•·àà·ãâ ·ã®·àö·åÄ·àù·à© ·â†·ãù·â∞·ãã·àç ·åç·äï ·ä†·çï·àç·ä¨·àΩ·äë space ·àµ·äï·åΩ·çç ·ä†·ã≠·âÄ·â†·àç·àù ·â¢·àµ·â∞·ä´·ä®·àç,4,2025-06-04,Commercial Bank of Ethiopia Mobile,Google Play Store,negative,0.9616847634315492,-1,Other/Uncategorized
best,5,2025-06-04,Commercial Bank of Ethiopia Mobile,Google Play Store,positive,0.9997941851615906,1,General Positive
Best Mobile Banking app ever,5,2025-06-04,Commercial Bank of Ethiopia Mobile,Google Play Store,positive,0.9997294545173644,1,General Positive
good,5,2025-06-04,Commercial Bank of Ethiopia Mobile,Google Play Store,positive,0.999816119670868,1,General Positive
it was good app but it have some issues like it doesnt give me the right amount that I have in the bank and have some issues in transferring,2,2025-06-04,Commercial Bank of Ethiopia Mobile,Google Play Store,negative,0.998119294643402,-1,Transactions
good,5,2025-06-04,Commercial Bank of Ethiopia Mobile,Google Play Store,positive,0.999816119670868,1,General Positive
Good,5,2025-06-04,Commercial Bank of Ethiopia Mobile,Google Play Store,positive,0.999816119670868,1,General Positive
üëåüëç,5,2025-06-04,Commercial Bank of Ethiopia Mobile,Google Play Store,negative,0.6970559358596802,-1,Other/Uncategorized
very niec,5,2025-06-04,Commercial Bank of Ethiopia Mobile,Google Play Store,positive,0.5192614197731018,1,Other/Uncategorized
best app of finance,5,2025-06-04,Commercial Bank of Ethiopia Mobile,Google Play Store,positive,0.9996503591537476,1,General Positive
yetemeta,1,2025-06-03,Commercial Bank of Ethiopia Mobile,Google Play Store,positive,0.655367910861969,1,Other/Uncategorized
good,5,2025-06-03,Commercial Bank of Ethiopia Mobile,Google Play Store,positive,0.999816119670868,1,General Positive
it is not safety,1,2025-06-03,Commercial Bank of Ethiopia Mobile,Google Play Store,negative,0.9997867941856384,-1,Security
NICE bank,5,2025-06-03,Commercial Bank of Ethiopia Mobile,Google Play Store,positive,0.999805510044098,1,General Positive
it is like a childish app make it better the worst I have ever seen,1,2025-06-02,Commercial Bank of Ethiopia Mobile,Google Play Store,negative,0.9997958540916444,-1,General Positive
"It's a problem solver application, go ahead CBE, I love so much.",5,2025-06-02,Commercial Bank of Ethiopia Mobile,Google Play Store,positive,0.9997678399086,1,General Positive
It's good but try to make it facilitate for your client,4,2025-06-02,Commercial Bank of Ethiopia Mobile,Google Play Store,positive,0.949176788330078,1,General Positive
best app,5,2025-06-01,Commercial Bank of Ethiopia Mobile,Google Play Store,positive,0.999686598777771,1,General Positive
Awesome bank,5,2025-06-01,Commercial Bank of Ethiopia Mobile,Google Play Store,positive,0.99984610080719,1,Other/Uncategorized
this app has developed in a very good ways but there are some comments I need to make 1- preventing the screenshot likely not good for someone like me coz I need to make screenshot for quicker evidence. 2-it would be good if you make us to access recent transaction histories for 30 days coz we don't have to go to the Bank's in person to see old transactions or add colander category so user can easily access old transactions through colanders.,5,2025-05-31,Commercial Bank of Ethiopia Mobile,Google Play Store,negative,0.9983141422271729,-1,Performance; User Interface; Transactions
Masha alla,5,2025-05-31,Commercial Bank of Ethiopia Mobile,Google Play Store,negative,0.9514629244804382,-1,Other/Uncategorized
"Recently there is big problem when sending to safaricom, telebir, and even to cbebirr wallet could anybody who is responsible fix it, it's very frustrating it's been 5 days and my money hasn't been returned it takes it out of my account but doesn't send it to my mpesa update- they have just corrected it and sent me back the money but still I'm afraid now to send again",2,2025-05-31,Commercial Bank of Ethiopia Mobile,Google Play Store,negative,0.9991102814674376,-1,Updates
better service,5,2025-05-31,Commercial Bank of Ethiopia Mobile,Google Play Store,positive,0.9982219338417052,1,Customer Service; Features
"it,s good app and time manager üëç",5,2025-05-30,Commercial Bank of Ethiopia Mobile,Google Play Store,positive,0.999837040901184,1,General Positive
malkaamuu Jiidhaa Namoo,5,2025-05-30,Commercial Bank of Ethiopia Mobile,Google Play Store,negative,0.9887813329696656,-1,Other/Uncategorized
lower system everything,3,2025-05-30,Commercial Bank of Ethiopia Mobile,Google Play Store,negative,0.9993475079536438,-1,Other/Uncategorized
Nice!,5,2025-05-30,Commercial Bank of Ethiopia Mobile,Google Play Store,positive,0.999863862991333,1,General Positive
Keep it up My CBE,5,2025-05-29,Commercial Bank of Ethiopia Mobile,Google Play Store,positive,0.9996104836463928,1,Other/Uncategorized
yes good,5,2025-05-28,Commercial Bank of Ethiopia Mobile,Google Play Store,positive,0.9998410940170288,1,General Positive
"I was using this app for the last two years with no problems. It stopped working about 3 months ago. when I tried to transfer funds it gives me error ""can't do this transaction. inactive account.""",4,2025-05-27,Commercial Bank of Ethiopia Mobile,Google Play Store,negative,0.9996353387832642,-1,App Stability; Transactions
i like everything of this app,5,2025-05-27,Commercial Bank of Ethiopia Mobile,Google Play Store,positive,0.9996908903121948,1,General Positive
good,5,2025-05-27,Commercial Bank of Ethiopia Mobile,Google Play Store,positive,0.999816119670868,1,General Positive
ü§¨ü§¨ü§¨ü§¨ network üõú,1,2025-05-26,Commercial Bank of Ethiopia Mobile,Google Play Store,negative,0.68561190366745,-1,Network/Connectivity
Best,5,2025-05-26,Commercial Bank of Ethiopia Mobile,Google Play Store,positive,0.9997941851615906,1,General Positive
CBE is the best financial application and and very dimple to use. I would like to say thank you so much for the developer of application. I really appreciate this app.,5,2025-05-26,Commercial Bank of Ethiopia Mobile,Google Play Store,positive,0.9982792139053344,1,Developer Options
nice,5,2025-05-26,Commercial Bank of Ethiopia Mobile,Google Play Store,positive,0.9998552799224854,1,General Positive
good job,5,2025-05-26,Commercial Bank of Ethiopia Mobile,Google Play Store,positive,0.999835729598999,1,General Positive
Good,5,2025-05-25,Commercial Bank of Ethiopia Mobile,Google Play Store,positive,0.999816119670868,1,General Positive
it's awesome!!,5,2025-05-25,Commercial Bank of Ethiopia Mobile,Google Play Store,positive,0.999871015548706,1,Other/Uncategorized
best,5,2025-05-25,Commercial Bank of Ethiopia Mobile,Google Play Store,positive,0.9997941851615906,1,General Positive
thankyou every one,5,2025-05-25,Commercial Bank of Ethiopia Mobile,Google Play Store,positive,0.99984610080719,1,Other/Uncategorized
best app,5,2025-05-25,Commercial Bank of Ethiopia Mobile,Google Play Store,positive,0.999686598777771,1,General Positive
Ronaldo üáµüáπ ü•á,5,2025-05-25,Commercial Bank of Ethiopia Mobile,Google Play Store,positive,0.994828760623932,1,Other/Uncategorized
"this app is absolutely fantastic I love it and I enjoying to it ,let us support this foundation together .",5,2025-05-25,Commercial Bank of Ethiopia Mobile,Google Play Store,positive,0.9998852014541626,1,Customer Service
"The CBE app has been highly unreliable in recent weeks. It frequently fails to work properly on both Ethio Telecom and Safaricom networks, whether using Wi-Fi or mobile data. This week, the system was down entirely for extended periods, making it very difficult to access banking services. The app only functions intermittently, and the lack of consistency is frustrating. I hope the issues are addressed soon, and that any non-technical influences are removed from such essential services.",2,2025-05-25,Commercial Bank of Ethiopia Mobile,Google Play Store,negative,0.9997394680976868,-1,App Stability; Customer Service; Features; Ease of Use; Network/Connectivity
mortuary app,5,2025-05-25,Commercial Bank of Ethiopia Mobile,Google Play Store,negative,0.7924911379814148,-1,Other/Uncategorized
it is smart app but it has stoped after some period of time on my device with out any reason .,5,2025-05-25,Commercial Bank of Ethiopia Mobile,Google Play Store,negative,0.9961044788360596,-1,Other/Uncategorized
amazing app I am used this app for one year,4,2025-05-24,Commercial Bank of Ethiopia Mobile,Google Play Store,positive,0.9991408586502076,1,General Positive
üëç,5,2025-05-24,Commercial Bank of Ethiopia Mobile,Google Play Store,negative,0.6970559358596802,-1,Other/Uncategorized
good app,5,2025-05-24,Commercial Bank of Ethiopia Mobile,Google Play Store,positive,0.9998493194580078,1,General Positive
i love it üòçüòò,5,2025-05-24,Commercial Bank of Ethiopia Mobile,Google Play Store,positive,0.9998791217803956,1,General Positive
It makes life easy!üëå,5,2025-05-24,Commercial Bank of Ethiopia Mobile,Google Play Store,positive,0.9993600249290466,1,Ease of Use
its not fast,1,2025-05-24,Commercial Bank of Ethiopia Mobile,Google Play Store,negative,0.9949808716773988,-1,Performance
wow,4,2025-05-24,Commercial Bank of Ethiopia Mobile,Google Play Store,positive,0.999592125415802,1,Other/Uncategorized
it is sooo good,5,2025-05-24,Commercial Bank of Ethiopia Mobile,Google Play Store,positive,0.9998735189437866,1,General Positive
excellent,5,2025-05-24,Commercial Bank of Ethiopia Mobile,Google Play Store,positive,0.9998434782028198,1,General Positive
ok,1,2025-05-24,Commercial Bank of Ethiopia Mobile,Google Play Store,positive,0.9997851252555848,1,Other/Uncategorized
Fantastic,5,2025-05-23,Commercial Bank of Ethiopia Mobile,Google Play Store,positive,0.9998743534088136,1,Other/Uncategorized
accessible to using,5,2025-05-23,Commercial Bank of Ethiopia Mobile,Google Play Store,positive,0.999116837978363,1,Other/Uncategorized
I like it,4,2025-05-23,Commercial Bank of Ethiopia Mobile,Google Play Store,positive,0.99985933303833,1,General Positive
good,5,2025-05-23,Commercial Bank of Ethiopia Mobile,Google Play Store,positive,0.999816119670868,1,General Positive
why you change default network?,5,2025-05-23,Commercial Bank of Ethiopia Mobile,Google Play Store,negative,0.9962357878684998,-1,Network/Connectivity
very nice üëç,5,2025-05-23,Commercial Bank of Ethiopia Mobile,Google Play Store,positive,0.999857783317566,1,General Positive
good,5,2025-05-23,Commercial Bank of Ethiopia Mobile,Google Play Store,positive,0.999816119670868,1,General Positive
nice fast app,5,2025-05-23,Commercial Bank of Ethiopia Mobile,Google Play Store,positive,0.999833345413208,1,Performance
good,5,2025-05-23,Commercial Bank of Ethiopia Mobile,Google Play Store,positive,0.999816119670868,1,General Positive
best,5,2025-05-23,Commercial Bank of Ethiopia Mobile,Google Play Store,positive,0.9997941851615906,1,General Positive
how to I get my money,5,2025-05-23,Commercial Bank of Ethiopia Mobile,Google Play Store,negative,0.9934091567993164,-1,Other/Uncategorized
"Very bad, can't even load they need to improve their services.",1,2025-05-22,Commercial Bank of Ethiopia Mobile,Google Play Store,negative,0.999816596508026,-1,Customer Service; Features
"Very good app, but please make it reliable . it crashes sometimes .",4,2025-05-22,Commercial Bank of Ethiopia Mobile,Google Play Store,positive,0.9649855494499208,1,App Stability
very busy I don't know why... I prefer 889,3,2025-05-22,Commercial Bank of Ethiopia Mobile,Google Play Store,negative,0.9991938471794128,-1,Other/Uncategorized
"Sometimes it has a nasty lag for several hour fix that , the rest is üëå",4,2025-05-22,Commercial Bank of Ethiopia Mobile,Google Play Store,negative,0.9966771602630616,-1,Performance
the most boring Mobil banking application in ethiopia.Please use alternative private banks mobile banking apps,1,2025-05-22,Commercial Bank of Ethiopia Mobile,Google Play Store,negative,0.9986202716827391,-1,Other/Uncategorized
hojii bonsaadha,5,2025-05-22,Commercial Bank of Ethiopia Mobile,Google Play Store,positive,0.9568662047386168,1,Other/Uncategorized
ok,5,2025-05-22,Commercial Bank of Ethiopia Mobile,Google Play Store,positive,0.9997851252555848,1,Other/Uncategorized
ok,5,2025-05-22,Commercial Bank of Ethiopia Mobile,Google Play Store,positive,0.9997851252555848,1,Other/Uncategorized
user-friendly apps.because this app is easy.,5,2025-05-22,Commercial Bank of Ethiopia Mobile,Google Play Store,positive,0.9554508328437804,1,Ease of Use
Awosome!!!,5,2025-05-22,Commercial Bank of Ethiopia Mobile,Google Play Store,positive,0.6944910883903503,1,Other/Uncategorized
"Very good app,",5,2025-05-22,Commercial Bank of Ethiopia Mobile,Google Play Store,positive,0.9998691082000732,1,General Positive
sync problem may 22 2025 but the date stack on may 8 2025 help pls,5,2025-05-22,Commercial Bank of Ethiopia Mobile,Google Play Store,negative,0.992516815662384,-1,Customer Service
·ã≠·àÖ ·àò·â∞·åç·â†·à™·ã´ ·â†·å£·àù ·å•·à© ·äê·ãç. this app is very nice,5,2025-05-22,Commercial Bank of Ethiopia Mobile,Google Play Store,positive,0.9997020363807678,1,General Positive
I hate this app üòí,1,2025-05-22,Commercial Bank of Ethiopia Mobile,Google Play Store,negative,0.9996378421783448,-1,General Negative
trustful,5,2025-05-22,Commercial Bank of Ethiopia Mobile,Google Play Store,positive,0.9998213648796082,1,Other/Uncategorized
I like,5,2025-05-22,Commercial Bank of Ethiopia Mobile,Google Play Store,positive,0.9998149275779724,1,General Positive
update issue,4,2025-05-22,Commercial Bank of Ethiopia Mobile,Google Play Store,positive,0.5473259687423706,1,Updates
its not working over safari network,1,2025-05-22,Commercial Bank of Ethiopia Mobile,Google Play Store,negative,0.9991377592086792,-1,App Stability; Network/Connectivity
oldie,1,2025-05-22,Commercial Bank of Ethiopia Mobile,Google Play Store,negative,0.66631680727005,-1,Other/Uncategorized
it doesn't work,1,2025-05-21,Commercial Bank of Ethiopia Mobile,Google Play Store,negative,0.9997813105583192,-1,App Stability
best,5,2025-05-21,Commercial Bank of Ethiopia Mobile,Google Play Store,positive,0.9997941851615906,1,General Positive
"This app is good, and we are using it well",1,2025-05-21,Commercial Bank of Ethiopia Mobile,Google Play Store,positive,0.999855637550354,1,General Positive
ok,5,2025-05-21,Commercial Bank of Ethiopia Mobile,Google Play Store,positive,0.9997851252555848,1,Other/Uncategorized
best app,5,2025-05-21,Commercial Bank of Ethiopia Mobile,Google Play Store,positive,0.999686598777771,1,General Positive
best,5,2025-05-21,Commercial Bank of Ethiopia Mobile,Google Play Store,positive,0.9997941851615906,1,General Positive
very nice üëå app for android phone,5,2025-05-21,Commercial Bank of Ethiopia Mobile,Google Play Store,positive,0.9994401335716248,1,General Positive
good app,5,2025-05-21,Commercial Bank of Ethiopia Mobile,Google Play Store,positive,0.9998493194580078,1,General Positive
Yes Yes,5,2025-05-21,Commercial Bank of Ethiopia Mobile,Google Play Store,positive,0.9997482895851136,1,Other/Uncategorized
·â†·å£·àù ·ä®·à≠·çã·çã,1,2025-05-21,Commercial Bank of Ethiopia Mobile,Google Play Store,negative,0.7850582003593445,-1,Other/Uncategorized
easy to use helpful in my life,5,2025-05-21,Commercial Bank of Ethiopia Mobile,Google Play Store,positive,0.9981144666671752,1,Customer Service; Ease of Use
good üëç,4,2025-05-21,Commercial Bank of Ethiopia Mobile,Google Play Store,positive,0.9998576641082764,1,General Positive
the best mobile banking app,5,2025-05-21,Commercial Bank of Ethiopia Mobile,Google Play Store,positive,0.9998278617858888,1,General Positive
"this app is very useful app,it saves time,and it is secure",4,2025-05-21,Commercial Bank of Ethiopia Mobile,Google Play Store,positive,0.9992597699165344,1,Security
ok,2,2025-05-21,Commercial Bank of Ethiopia Mobile,Google Play Store,positive,0.9997851252555848,1,Other/Uncategorized
it's a good application üëç,5,2025-05-21,Commercial Bank of Ethiopia Mobile,Google Play Store,positive,0.9998123049736024,1,General Positive
the screenshot and the reffresh options are so annoying that makes transaction so delaying activity !,2,2025-05-21,Commercial Bank of Ethiopia Mobile,Google Play Store,negative,0.9997513890266418,-1,Performance; Transactions; Features
poor service,1,2025-05-21,Commercial Bank of Ethiopia Mobile,Google Play Store,negative,0.999653458595276,-1,Customer Service; Features
amazing,5,2025-05-20,Commercial Bank of Ethiopia Mobile,Google Play Store,positive,0.999875545501709,1,General Positive
it is reliable and easy to use.,5,2025-05-20,Commercial Bank of Ethiopia Mobile,Google Play Store,positive,0.9998389482498168,1,Ease of Use
the most annoying mobile banking app I've ever seen,1,2025-05-20,Commercial Bank of Ethiopia Mobile,Google Play Store,negative,0.9994208812713624,-1,Other/Uncategorized
Cbe mobile banking,5,2025-05-20,Commercial Bank of Ethiopia Mobile,Google Play Store,positive,0.8304276466369629,1,Other/Uncategorized
"i can't make Screenshout in this app, please made modification",5,2025-05-20,Commercial Bank of Ethiopia Mobile,Google Play Store,negative,0.9966920614242554,-1,Other/Uncategorized
Best app I loved it,5,2025-05-19,Commercial Bank of Ethiopia Mobile,Google Play Store,positive,0.999849796295166,1,General Positive
nice app,5,2025-05-19,Commercial Bank of Ethiopia Mobile,Google Play Store,positive,0.9998061060905457,1,General Positive
wow,5,2025-05-18,Commercial Bank of Ethiopia Mobile,Google Play Store,positive,0.999592125415802,1,Other/Uncategorized
Amazing applicatiom sometimes doesnt work!,5,2025-05-18,Commercial Bank of Ethiopia Mobile,Google Play Store,negative,0.6448816061019897,-1,General Positive
well satisfied with this beautiful app,5,2025-05-18,Commercial Bank of Ethiopia Mobile,Google Play Store,positive,0.999858856201172,1,User Interface
very good,4,2025-05-17,Commercial Bank of Ethiopia Mobile,Google Play Store,positive,0.9998520612716676,1,General Positive
best app.,5,2025-05-17,Commercial Bank of Ethiopia Mobile,Google Play Store,positive,0.999774158000946,1,General Positive
good,5,2025-05-17,Commercial Bank of Ethiopia Mobile,Google Play Store,positive,0.999816119670868,1,General Positive
"not working,why???",5,2025-05-17,Commercial Bank of Ethiopia Mobile,Google Play Store,negative,0.9995881915092468,-1,App Stability
Great impact but why Developer option turnoff if you fix üôè üôè üôè,5,2025-05-17,Commercial Bank of Ethiopia Mobile,Google Play Store,negative,0.9841780066490172,-1,Features; Developer Options
excellent,5,2025-05-17,Commercial Bank of Ethiopia Mobile,Google Play Store,positive,0.9998434782028198,1,General Positive
always disappointing ! especially the iOS one !! some similar local applications are extremely superior to this application!! Really disappointing!,1,2025-05-17,Commercial Bank of Ethiopia Mobile,Google Play Store,negative,0.9996201992034912,-1,Language Support
woxe harimo ribiso,5,2025-05-17,Commercial Bank of Ethiopia Mobile,Google Play Store,negative,0.9374371767044068,-1,Other/Uncategorized
good,5,2025-05-16,Commercial Bank of Ethiopia Mobile,Google Play Store,positive,0.999816119670868,1,General Positive
"Good ,easy to use",5,2025-05-16,Commercial Bank of Ethiopia Mobile,Google Play Store,positive,0.9998592138290404,1,Ease of Use
Good app,5,2025-05-15,Commercial Bank of Ethiopia Mobile,Google Play Store,positive,0.9998493194580078,1,General Positive
Good jobüëç,5,2025-05-14,Commercial Bank of Ethiopia Mobile,Google Play Store,positive,0.9998576641082764,1,General Positive
good,5,2025-05-14,Commercial Bank of Ethiopia Mobile,Google Play Store,positive,0.999816119670868,1,General Positive
nice,5,2025-05-14,Commercial Bank of Ethiopia Mobile,Google Play Store,positive,0.9998552799224854,1,General Positive
"Please kindly ask to update the app and allow us to screenshot, it's convenient and efficient as long as you add security to the access there is no reason to block us from screenshooting our screen.",2,2025-05-14,Commercial Bank of Ethiopia Mobile,Google Play Store,positive,0.993906795978546,1,Security; Updates
I have using the CBE mobile banking app. and overall i appreciate its Feuteres However i.ve Notticed that when i turn on the Developer options on my divice the App.Stop Functioning prorerly It.Would Be Great If You could look into This issue as l often need to access Developer setting for Otter Application ThankYou For Your attention to This Matter,4,2025-05-13,Commercial Bank of Ethiopia Mobile,Google Play Store,negative,0.9474115371704102,-1,User Interface; Features; Developer Options
customer service is bad nothing is good about this bank,1,2025-05-13,Commercial Bank of Ethiopia Mobile,Google Play Store,negative,0.9996613264083862,-1,Customer Service; Features
It is Amazing Mobile Banking App....But why the screenshot of the receipt doesnt work,5,2025-05-13,Commercial Bank of Ethiopia Mobile,Google Play Store,negative,0.992915153503418,-1,General Positive
fast and simple easy to use üëå,5,2025-05-12,Commercial Bank of Ethiopia Mobile,Google Play Store,positive,0.998494267463684,1,Performance; Ease of Use
The fastest transferring app I ever had its so reliable,5,2025-05-11,Commercial Bank of Ethiopia Mobile,Google Play Store,positive,0.9844427704811096,1,Performance; Transactions
"Funds transferred from the same bank do not reflect in the account, even though a confirmation text message was received.",3,2025-05-11,Commercial Bank of Ethiopia Mobile,Google Play Store,negative,0.9986681938171388,-1,Transactions
it's easy and fast,5,2025-05-10,Commercial Bank of Ethiopia Mobile,Google Play Store,positive,0.9995684027671814,1,Performance; Ease of Use
This app don't have self activation only you have to look near cbe branch that's disgusting,1,2025-05-10,Commercial Bank of Ethiopia Mobile,Google Play Store,negative,0.9960438013076782,-1,User Interface
hello dearest CBE office personnel make some benefits for those using interest free accounts thanks for your help,5,2025-05-09,Commercial Bank of Ethiopia Mobile,Google Play Store,positive,0.999572217464447,1,Customer Service
wow best application ever,5,2025-05-09,Commercial Bank of Ethiopia Mobile,Google Play Store,positive,0.9997984766960144,1,General Positive
good,5,2025-05-09,Commercial Bank of Ethiopia Mobile,Google Play Store,positive,0.999816119670868,1,General Positive
"Am sorry but what does developer mode do to the application ? hack it ? are you sure you are developer or are you stupid, doesnt makes sense,",1,2025-05-08,Commercial Bank of Ethiopia Mobile,Google Play Store,negative,0.9997019171714784,-1,Security; Developer Options
Best,4,2025-05-08,Commercial Bank of Ethiopia Mobile,Google Play Store,positive,0.9997941851615906,1,General Positive
the pride of Ethiopian bank üè¶,5,2025-05-08,Commercial Bank of Ethiopia Mobile,Google Play Store,positive,0.999118983745575,1,Other/Uncategorized
why the app telling me to turn of developer options please fix it.,1,2025-05-07,Commercial Bank of Ethiopia Mobile,Google Play Store,negative,0.9990994930267334,-1,Features; Developer Options
good,5,2025-05-07,Commercial Bank of Ethiopia Mobile,Google Play Store,positive,0.999816119670868,1,General Positive
ok,5,2025-05-07,Commercial Bank of Ethiopia Mobile,Google Play Store,positive,0.9997851252555848,1,Other/Uncategorized
i am very happy . i have small prob. after i transfer i cant put the transfer cashe bil to my dic.,5,2025-05-07,Commercial Bank of Ethiopia Mobile,Google Play Store,positive,0.9976927042007446,1,Transactions
ok,5,2025-05-07,Commercial Bank of Ethiopia Mobile,Google Play Store,positive,0.9997851252555848,1,Other/Uncategorized
good,3,2025-05-06,Commercial Bank of Ethiopia Mobile,Google Play Store,positive,0.999816119670868,1,General Positive
amazing apps,5,2025-05-06,Commercial Bank of Ethiopia Mobile,Google Play Store,positive,0.9998716115951538,1,General Positive
All service of Mobile Banking,5,2025-05-06,Commercial Bank of Ethiopia Mobile,Google Play Store,positive,0.8924258947372437,1,Customer Service; Features
needs improvement,1,2025-05-06,Commercial Bank of Ethiopia Mobile,Google Play Store,negative,0.9966731071472168,-1,Other/Uncategorized
i miss the old one i couldn't send my mony to other bank..,1,2025-05-06,Commercial Bank of Ethiopia Mobile,Google Play Store,negative,0.995843231678009,-1,Other/Uncategorized
the app is recently crushing each time you open and try to make transfers...it used to be good. take lessons from the Dashen Super app or ethiotelecom. it is not befitting of your experience and glory. inv3st in making it more friendly and convenient. I am considering leaving CBE for good.,2,2025-05-06,Commercial Bank of Ethiopia Mobile,Google Play Store,negative,0.9984410405158995,-1,Transactions
good,5,2025-05-06,Commercial Bank of Ethiopia Mobile,Google Play Store,positive,0.999816119670868,1,General Positive
good but these week not oky,4,2025-05-06,Commercial Bank of Ethiopia Mobile,Google Play Store,negative,0.9554161429405212,-1,General Positive
well designed! Fixing bugs & two step verification with biometric... simply it's great!,5,2025-05-06,Commercial Bank of Ethiopia Mobile,Google Play Store,positive,0.99980491399765,1,App Stability; User Interface
Good app,5,2025-05-06,Commercial Bank of Ethiopia Mobile,Google Play Store,positive,0.9998493194580078,1,General Positive
If any developer is reading this please fix the screenshot functionality or at least the download button should work flawlessly without me touching it twenty times.,1,2025-05-05,Commercial Bank of Ethiopia Mobile,Google Play Store,negative,0.9975224137306212,-1,Features; Developer Options
"it's a great job.but one more thing, it hasn't been placed for transfer to other banks on face like mobile charge card place",5,2025-05-05,Commercial Bank of Ethiopia Mobile,Google Play Store,positive,0.8991121053695679,1,Transactions
CBE mobilr bankg,5,2025-05-05,Commercial Bank of Ethiopia Mobile,Google Play Store,positive,0.8703052997589111,1,Other/Uncategorized
wow,1,2025-05-05,Commercial Bank of Ethiopia Mobile,Google Play Store,positive,0.999592125415802,1,Other/Uncategorized
verygood,3,2025-05-05,Commercial Bank of Ethiopia Mobile,Google Play Store,positive,0.9988996982574464,1,General Positive
ŸÖŸÖÿ™ÿßÿ≤ ÿ¨ÿØÿß,5,2025-05-04,Commercial Bank of Ethiopia Mobile,Google Play Store,negative,0.8031753897666931,-1,Other/Uncategorized
it's very low quality application,1,2025-05-04,Commercial Bank of Ethiopia Mobile,Google Play Store,negative,0.9996594190597534,-1,Other/Uncategorized
Very Amazing Apps,5,2025-05-04,Commercial Bank of Ethiopia Mobile,Google Play Store,positive,0.9998774528503418,1,General Positive
·ä†·ãõ,1,2025-05-04,Commercial Bank of Ethiopia Mobile,Google Play Store,negative,0.6970559358596802,-1,Other/Uncategorized
wow simple life,5,2025-05-04,Commercial Bank of Ethiopia Mobile,Google Play Store,positive,0.9997076392173768,1,Ease of Use
it's nice,5,2025-05-03,Commercial Bank of Ethiopia Mobile,Google Play Store,positive,0.9998672008514404,1,General Positive
Why stacked sometimes,5,2025-05-03,Commercial Bank of Ethiopia Mobile,Google Play Store,negative,0.994105100631714,-1,Other/Uncategorized
good app,5,2025-05-03,Commercial Bank of Ethiopia Mobile,Google Play Store,positive,0.9998493194580078,1,General Positive
nice,5,2025-05-03,Commercial Bank of Ethiopia Mobile,Google Play Store,positive,0.9998552799224854,1,General Positive
okay üëç but sometimes busy,1,2025-05-03,Commercial Bank of Ethiopia Mobile,Google Play Store,negative,0.8515545129776001,-1,Other/Uncategorized
the worst commercial company that fails to do even the most normal things again and and again.,1,2025-05-03,Commercial Bank of Ethiopia Mobile,Google Play Store,negative,0.9997990727424622,-1,App Stability
nice,5,2025-05-03,Commercial Bank of Ethiopia Mobile,Google Play Store,positive,0.9998552799224854,1,General Positive
Very good app. but disappointed by general cessation of system.,5,2025-05-02,Commercial Bank of Ethiopia Mobile,Google Play Store,negative,0.998118817806244,-1,General Positive
excellent,5,2025-05-02,Commercial Bank of Ethiopia Mobile,Google Play Store,positive,0.9998434782028198,1,General Positive
good,5,2025-05-02,Commercial Bank of Ethiopia Mobile,Google Play Store,positive,0.999816119670868,1,General Positive
good,5,2025-05-02,Commercial Bank of Ethiopia Mobile,Google Play Store,positive,0.999816119670868,1,General Positive
Good and fast,5,2025-05-02,Commercial Bank of Ethiopia Mobile,Google Play Store,positive,0.9998561143875122,1,Performance
Unreliable!,1,2025-05-02,Commercial Bank of Ethiopia Mobile,Google Play Store,negative,0.9997379183769226,-1,Other/Uncategorized
Best the best fast,5,2025-05-02,Commercial Bank of Ethiopia Mobile,Google Play Store,positive,0.9998427629470824,1,Performance
good app,5,2025-05-02,Commercial Bank of Ethiopia Mobile,Google Play Store,positive,0.9998493194580078,1,General Positive
happy,5,2025-05-02,Commercial Bank of Ethiopia Mobile,Google Play Store,positive,0.99987530708313,1,Other/Uncategorized
fast and reliable,5,2025-05-02,Commercial Bank of Ethiopia Mobile,Google Play Store,positive,0.9998595714569092,1,Performance
network errorrrrrr,2,2025-05-02,Commercial Bank of Ethiopia Mobile,Google Play Store,negative,0.9978076815605164,-1,App Stability; Network/Connectivity
Best app but there is some problem I can't send money to telebirr or mpesa so if you can add that it could be use full,4,2025-05-02,Commercial Bank of Ethiopia Mobile,Google Play Store,negative,0.9982808828353882,-1,Transactions
its good and simple to use,5,2025-05-02,Commercial Bank of Ethiopia Mobile,Google Play Store,positive,0.9998610019683838,1,Ease of Use
worest app like that bank for security and network access,1,2025-05-02,Commercial Bank of Ethiopia Mobile,Google Play Store,negative,0.9927296042442322,-1,Security; Network/Connectivity
it's the best app i,5,2025-05-02,Commercial Bank of Ethiopia Mobile,Google Play Store,positive,0.999834418296814,1,General Positive
not bad not good,1,2025-05-02,Commercial Bank of Ethiopia Mobile,Google Play Store,negative,0.9715352058410645,-1,General Positive
its very nice,5,2025-05-02,Commercial Bank of Ethiopia Mobile,Google Play Store,positive,0.9998526573181152,1,General Positive
do not work this week,3,2025-04-30,Commercial Bank of Ethiopia Mobile,Google Play Store,negative,0.99776029586792,-1,Other/Uncategorized
It crashes frequently,4,2025-04-30,Commercial Bank of Ethiopia Mobile,Google Play Store,negative,0.9993256330490112,-1,App Stability
the best,5,2025-04-28,Commercial Bank of Ethiopia Mobile,Google Play Store,positive,0.9998332262039183,1,General Positive
"I can simply describe this app as ""Making all your work easier"".",5,2025-04-28,Commercial Bank of Ethiopia Mobile,Google Play Store,positive,0.8382574915885925,1,Other/Uncategorized
goid,5,2025-04-28,Commercial Bank of Ethiopia Mobile,Google Play Store,negative,0.7086961269378662,-1,Other/Uncategorized
best appearance,5,2025-04-27,Commercial Bank of Ethiopia Mobile,Google Play Store,positive,0.9996986389160156,1,User Interface
it's very good üëç app,5,2025-04-27,Commercial Bank of Ethiopia Mobile,Google Play Store,positive,0.999859094619751,1,General Positive
I need support you,5,2025-04-27,Commercial Bank of Ethiopia Mobile,Google Play Store,negative,0.9881443977355956,-1,Customer Service
the worst Mobile banking i have ever seen in my life,1,2025-04-26,Commercial Bank of Ethiopia Mobile,Google Play Store,negative,0.9997807145118712,-1,General Negative
super,5,2025-04-26,Commercial Bank of Ethiopia Mobile,Google Play Store,positive,0.998783528804779,1,Other/Uncategorized
·å†·åÄ·å®·åà·åÄ·ç¢·åÄ·åà,5,2025-04-26,Commercial Bank of Ethiopia Mobile,Google Play Store,negative,0.8337246179580688,-1,Other/Uncategorized
i like the app,5,2025-04-26,Commercial Bank of Ethiopia Mobile,Google Play Store,positive,0.9994398951530457,1,General Positive
the Best,1,2025-04-26,Commercial Bank of Ethiopia Mobile,Google Play Store,positive,0.9998332262039183,1,General Positive
nice,5,2025-04-26,Commercial Bank of Ethiopia Mobile,Google Play Store,positive,0.9998552799224854,1,General Positive
good,5,2025-04-26,Commercial Bank of Ethiopia Mobile,Google Play Store,positive,0.999816119670868,1,General Positive
good,5,2025-04-25,Commercial Bank of Ethiopia Mobile,Google Play Store,positive,0.999816119670868,1,General Positive
to other bank is bad,1,2025-04-25,Commercial Bank of Ethiopia Mobile,Google Play Store,negative,0.9997149109840392,-1,General Negative
tank's,5,2025-04-25,Commercial Bank of Ethiopia Mobile,Google Play Store,negative,0.9855977892875672,-1,Other/Uncategorized
its good but add more features such like. bank statement showing,5,2025-04-24,Commercial Bank of Ethiopia Mobile,Google Play Store,positive,0.9881664514541626,1,Features
it is so nice,5,2025-04-24,Commercial Bank of Ethiopia Mobile,Google Play Store,positive,0.9998714923858644,1,General Positive
good,5,2025-04-21,Commercial Bank of Ethiopia Mobile,Google Play Store,positive,0.999816119670868,1,General Positive
Very Goodüëç,5,2025-04-21,Commercial Bank of Ethiopia Mobile,Google Play Store,positive,0.8243646621704102,1,General Positive
"my first frequent experience of cbe app is critical-time failure such as suspending payment on air for 2-5 days with zero explanation, deducting from sender account without depositing to the receiver act. Another fatal error by the banking company as a whole (not the app itself though) is forced-banking with corporations without consent of employers-users of the corresponding corporations",2,2025-04-21,Commercial Bank of Ethiopia Mobile,Google Play Store,negative,0.9995972514152528,-1,App Stability; Transactions
"wow, amazing app",5,2025-04-21,Commercial Bank of Ethiopia Mobile,Google Play Store,positive,0.9998503923416138,1,General Positive
use ful,5,2025-04-21,Commercial Bank of Ethiopia Mobile,Google Play Store,negative,0.9949980974197388,-1,Other/Uncategorized
Great app,5,2025-04-21,Commercial Bank of Ethiopia Mobile,Google Play Store,positive,0.999821126461029,1,General Positive
well app,5,2025-04-20,Commercial Bank of Ethiopia Mobile,Google Play Store,positive,0.9993765950202942,1,Other/Uncategorized
Actually it is inactive,4,2025-04-19,Commercial Bank of Ethiopia Mobile,Google Play Store,negative,0.9996483325958252,-1,Other/Uncategorized
good,4,2025-04-19,Commercial Bank of Ethiopia Mobile,Google Play Store,positive,0.999816119670868,1,General Positive
ok,2,2025-04-19,Commercial Bank of Ethiopia Mobile,Google Play Store,positive,0.9997851252555848,1,Other/Uncategorized
best app,5,2025-04-19,Commercial Bank of Ethiopia Mobile,Google Play Store,positive,0.999686598777771,1,General Positive
amazing,1,2025-04-19,Commercial Bank of Ethiopia Mobile,Google Play Store,positive,0.999875545501709,1,General Positive
good,5,2025-04-19,Commercial Bank of Ethiopia Mobile,Google Play Store,positive,0.999816119670868,1,General Positive
I like,5,2025-04-19,Commercial Bank of Ethiopia Mobile,Google Play Store,positive,0.9998149275779724,1,General Positive
"slow, only one account is used",2,2025-04-19,Commercial Bank of Ethiopia Mobile,Google Play Store,negative,0.9997527003288268,-1,Performance
ok,5,2025-04-19,Commercial Bank of Ethiopia Mobile,Google Play Store,positive,0.9997851252555848,1,Other/Uncategorized
always CBE is the leading Commercial Banküí™üí™üí™,5,2025-04-18,Commercial Bank of Ethiopia Mobile,Google Play Store,positive,0.9975135326385498,1,Other/Uncategorized
i like it,5,2025-04-18,Commercial Bank of Ethiopia Mobile,Google Play Store,positive,0.99985933303833,1,General Positive
why removing screenshot feature why?,1,2025-04-18,Commercial Bank of Ethiopia Mobile,Google Play Store,negative,0.9981147050857544,-1,Features
nice apps where network is good in connection,5,2025-04-18,Commercial Bank of Ethiopia Mobile,Google Play Store,positive,0.9994925260543824,1,Network/Connectivity
Thank you!!!,5,2025-04-18,Commercial Bank of Ethiopia Mobile,Google Play Store,positive,0.9998666048049928,1,Other/Uncategorized
i can't take screenshot,1,2025-04-18,Commercial Bank of Ethiopia Mobile,Google Play Store,negative,0.9897894263267516,-1,Other/Uncategorized
"every update was made the system better and better until the March 19th, 2025 update, not allowing us to screenshot. you guys didn't understand how much it's a really quick and significant thing. You add extra steps to us, which makes the process draw back",3,2025-04-18,Commercial Bank of Ethiopia Mobile,Google Play Store,negative,0.9861213564872742,-1,Performance; User Interface; Updates
perfectly special,5,2025-04-18,Commercial Bank of Ethiopia Mobile,Google Play Store,positive,0.999879002571106,1,Other/Uncategorized
Fast and Reliable,5,2025-04-18,Commercial Bank of Ethiopia Mobile,Google Play Store,positive,0.9998595714569092,1,Performance
good,5,2025-04-17,Commercial Bank of Ethiopia Mobile,Google Play Store,positive,0.999816119670868,1,General Positive
The best application I have ever seen in Ethiopia banking industry.,5,2025-04-17,Commercial Bank of Ethiopia Mobile,Google Play Store,positive,0.9997448325157166,1,General Positive
great app!!!,5,2025-04-17,Commercial Bank of Ethiopia Mobile,Google Play Store,positive,0.9998501539230348,1,General Positive
because sometimes it doesn't working it load too much,3,2025-04-17,Commercial Bank of Ethiopia Mobile,Google Play Store,negative,0.9911931157112122,-1,App Stability
"Absolutely the best app! It works flawlessly, anytime and anywhere.",5,2025-04-17,Commercial Bank of Ethiopia Mobile,Google Play Store,positive,0.9998784065246582,1,General Positive
ok,3,2025-04-16,Commercial Bank of Ethiopia Mobile,Google Play Store,positive,0.9997851252555848,1,Other/Uncategorized
very nice app ever!!!,5,2025-04-16,Commercial Bank of Ethiopia Mobile,Google Play Store,positive,0.9998270869255066,1,General Positive
the best app,5,2025-04-16,Commercial Bank of Ethiopia Mobile,Google Play Store,positive,0.9998469352722168,1,General Positive
Biometric security for mobile banking is not available,5,2025-04-16,Commercial Bank of Ethiopia Mobile,Google Play Store,negative,0.9996340274810792,-1,Security
great,5,2025-04-15,Commercial Bank of Ethiopia Mobile,Google Play Store,positive,0.9998630285263062,1,General Positive
Nice service,5,2025-04-15,Commercial Bank of Ethiopia Mobile,Google Play Store,positive,0.9998397827148438,1,Customer Service; Features
great app,5,2025-04-15,Commercial Bank of Ethiopia Mobile,Google Play Store,positive,0.999821126461029,1,General Positive
it's special apps,5,2025-04-15,Commercial Bank of Ethiopia Mobile,Google Play Store,positive,0.9995416402816772,1,Other/Uncategorized
"In the updated version of the app, it takes more time to download the receipt.",3,2025-04-15,Commercial Bank of Ethiopia Mobile,Google Play Store,negative,0.9985652565956116,-1,Updates
·àà·àù·äï·ãµ·äê·ãç ·âµ·à´·äï·ãõ·ä≠·àΩ·äï ·âµ·äï·àΩ ·â•·âª ·ã®·àö·ã´·à≥·ã®·ãç ?,3,2025-04-14,Commercial Bank of Ethiopia Mobile,Google Play Store,negative,0.9647620320320128,-1,Other/Uncategorized
Good üî•,5,2025-04-14,Commercial Bank of Ethiopia Mobile,Google Play Store,positive,0.9998576641082764,1,General Positive
very interesting app i am using every day fantastic,5,2025-04-14,Commercial Bank of Ethiopia Mobile,Google Play Store,positive,0.9998443126678468,1,Other/Uncategorized
lebaa bank,5,2025-04-14,Commercial Bank of Ethiopia Mobile,Google Play Store,negative,0.9437296390533448,-1,Other/Uncategorized
Can't scan/recognize other banks' Interoperable QR Codes,1,2025-04-13,Commercial Bank of Ethiopia Mobile,Google Play Store,negative,0.9983273148536682,-1,Other/Uncategorized
OK,5,2025-04-13,Commercial Bank of Ethiopia Mobile,Google Play Store,positive,0.9997851252555848,1,Other/Uncategorized
grateful app,5,2025-04-13,Commercial Bank of Ethiopia Mobile,Google Play Store,positive,0.9998038411140442,1,Other/Uncategorized
100% ‚ù§Ô∏è‚ù§Ô∏è‚ù§Ô∏èüôèüôèüôèüôèüôèüôèüôèüôèüôèüôèüôèüôèüôèüôèüôèüôè,5,2025-04-13,Commercial Bank of Ethiopia Mobile,Google Play Store,positive,0.9974650144577026,1,Other/Uncategorized
everthing wellbeok,3,2025-04-13,Commercial Bank of Ethiopia Mobile,Google Play Store,negative,0.70557701587677,-1,Other/Uncategorized
"""This mobile banking app is fast and user-friendly, but the only issue I encountered is that I can't access my bank statement within the app. I kindly request that this feature be added, similar to what is offered by other private bank mobile banking apps.",4,2025-04-13,Commercial Bank of Ethiopia Mobile,Google Play Store,negative,0.9963226318359376,-1,Performance; Features
nice app üëå,5,2025-04-12,Commercial Bank of Ethiopia Mobile,Google Play Store,positive,0.9996724128723145,1,General Positive
why did this app is not screenshot,5,2025-04-12,Commercial Bank of Ethiopia Mobile,Google Play Store,negative,0.9989493489265442,-1,Other/Uncategorized
it so good app,5,2025-04-12,Commercial Bank of Ethiopia Mobile,Google Play Store,positive,0.999868631362915,1,General Positive
the best app,3,2025-04-12,Commercial Bank of Ethiopia Mobile,Google Play Store,positive,0.9998469352722168,1,General Positive
ÿ¨ŸÖŸäŸÑ,5,2025-04-11,Commercial Bank of Ethiopia Mobile,Google Play Store,positive,0.927172601222992,1,Other/Uncategorized
"less network, specially to make fee for utility purpose",1,2025-04-11,Commercial Bank of Ethiopia Mobile,Google Play Store,negative,0.994688868522644,-1,Network/Connectivity
nice,5,2025-04-11,Commercial Bank of Ethiopia Mobile,Google Play Store,positive,0.9998552799224854,1,General Positive
simply for used,4,2025-04-11,Commercial Bank of Ethiopia Mobile,Google Play Store,negative,0.9918003678321838,-1,Other/Uncategorized
wow keep up,5,2025-04-10,Commercial Bank of Ethiopia Mobile,Google Play Store,positive,0.9998539686203004,1,Other/Uncategorized
its great app but when updating we can't take screen shot please try to fix it,3,2025-04-10,Commercial Bank of Ethiopia Mobile,Google Play Store,negative,0.9934490323066713,-1,General Positive
good one,5,2025-04-10,Commercial Bank of Ethiopia Mobile,Google Play Store,positive,0.9998288154602052,1,General Positive
best app.,5,2025-04-10,Commercial Bank of Ethiopia Mobile,Google Play Store,positive,0.999774158000946,1,General Positive
everything is easy thank you cebe,5,2025-04-10,Commercial Bank of Ethiopia Mobile,Google Play Store,positive,0.9998396635055542,1,Ease of Use
·çà·å£·äï ·âÄ·àç·å£·çã,5,2025-04-10,Commercial Bank of Ethiopia Mobile,Google Play Store,negative,0.7850582003593445,-1,Other/Uncategorized
good,5,2025-04-10,Commercial Bank of Ethiopia Mobile,Google Play Store,positive,0.999816119670868,1,General Positive
ok,5,2025-04-10,Commercial Bank of Ethiopia Mobile,Google Play Store,positive,0.9997851252555848,1,Other/Uncategorized
·åé·â†·ãù,5,2025-04-09,Commercial Bank of Ethiopia Mobile,Google Play Store,negative,0.6970559358596802,-1,Other/Uncategorized
good app,5,2025-04-09,Commercial Bank of Ethiopia Mobile,Google Play Store,positive,0.9998493194580078,1,General Positive
but this app says can't sync,5,2025-04-09,Commercial Bank of Ethiopia Mobile,Google Play Store,negative,0.9988365769386292,-1,Other/Uncategorized
waw,5,2025-04-09,Commercial Bank of Ethiopia Mobile,Google Play Store,negative,0.7346182465553284,-1,Other/Uncategorized
to slow,3,2025-04-09,Commercial Bank of Ethiopia Mobile,Google Play Store,negative,0.999487280845642,-1,Performance
work on screen shot system,4,2025-04-08,Commercial Bank of Ethiopia Mobile,Google Play Store,negative,0.590264081954956,-1,Other/Uncategorized
very very nice aplication,1,2025-04-08,Commercial Bank of Ethiopia Mobile,Google Play Store,positive,0.9998292922973632,1,General Positive
Good,5,2025-04-08,Commercial Bank of Ethiopia Mobile,Google Play Store,positive,0.999816119670868,1,General Positive
wonder full and it is easy to use,5,2025-04-08,Commercial Bank of Ethiopia Mobile,Google Play Store,positive,0.9996142387390136,1,Ease of Use
easy and reliable,2,2025-04-08,Commercial Bank of Ethiopia Mobile,Google Play Store,positive,0.9998584985733032,1,Ease of Use
good,5,2025-04-08,Commercial Bank of Ethiopia Mobile,Google Play Store,positive,0.999816119670868,1,General Positive
it is Very Useful app üëç,5,2025-04-07,Commercial Bank of Ethiopia Mobile,Google Play Store,positive,0.994536280632019,1,Other/Uncategorized
very good,5,2025-04-07,Commercial Bank of Ethiopia Mobile,Google Play Store,positive,0.9998520612716676,1,General Positive
perfect app,5,2025-04-07,Commercial Bank of Ethiopia Mobile,Google Play Store,positive,0.9998340606689452,1,Other/Uncategorized
I like it.,5,2025-04-07,Commercial Bank of Ethiopia Mobile,Google Play Store,positive,0.999869465827942,1,General Positive
bugs,3,2025-04-07,Commercial Bank of Ethiopia Mobile,Google Play Store,negative,0.9988303780555724,-1,App Stability
commerial Bank,5,2025-04-06,Commercial Bank of Ethiopia Mobile,Google Play Store,negative,0.6810255646705627,-1,Other/Uncategorized
Genat biru,2,2025-04-06,Commercial Bank of Ethiopia Mobile,Google Play Store,negative,0.9661598801612854,-1,Other/Uncategorized
üôè,5,2025-04-06,Commercial Bank of Ethiopia Mobile,Google Play Store,negative,0.6970559358596802,-1,Other/Uncategorized
it is good but it doesn't allow screen shot,4,2025-04-06,Commercial Bank of Ethiopia Mobile,Google Play Store,positive,0.672314465045929,1,General Positive
the best one,5,2025-04-06,Commercial Bank of Ethiopia Mobile,Google Play Store,positive,0.9998371601104736,1,General Positive
You need to copy many things from other bank apps like Amole(Dashen),2,2025-04-06,Commercial Bank of Ethiopia Mobile,Google Play Store,negative,0.9967620372772216,-1,General Positive
bring back the screenshot feature.,1,2025-04-05,Commercial Bank of Ethiopia Mobile,Google Play Store,positive,0.9942916631698608,1,Features
Good!üëç,3,2025-04-05,Commercial Bank of Ethiopia Mobile,Google Play Store,positive,0.9998579025268556,1,General Positive
best app to experience him that to smooth transaction among the customers,1,2025-04-05,Commercial Bank of Ethiopia Mobile,Google Play Store,positive,0.9985142350196838,1,Transactions; Customer Service
good,5,2025-04-05,Commercial Bank of Ethiopia Mobile,Google Play Store,positive,0.999816119670868,1,General Positive
nice app suitable to use it. the only weak side is it need data connections and hoping will be fixed to offline i gave 4 rate,4,2025-04-05,Commercial Bank of Ethiopia Mobile,Google Play Store,negative,0.9551449418067932,-1,User Interface; Login/Authentication; Network/Connectivity
easy to use,5,2025-04-05,Commercial Bank of Ethiopia Mobile,Google Play Store,positive,0.9988542795181274,1,Ease of Use
"Good job to the CBE team on this mobile app! It's designed in a way that's simple and intuitive to navigate, which is great for everyone. It effectively handles the essential banking tasks I need to perform regularly. It's a practical and reliable tool that makes everyday banking much more convenient. Thank you for this useful application.",5,2025-04-04,Commercial Bank of Ethiopia Mobile,Google Play Store,positive,0.9998189806938172,1,User Interface; Features; Ease of Use
·àà·äî ·â†·å£·àù ·àù·à≠·å• ·äê·ãç ·åç·äï screenshot ·àõ·à®·åç ·â¢·âª·àç ·àù·à≠·å• ·äê·â†·à≠,5,2025-04-04,Commercial Bank of Ethiopia Mobile,Google Play Store,negative,0.8819230794906616,-1,Other/Uncategorized
before it was smooth and good. this time after the new update in 2025 i can not make screenshot of my recite. even the downlod button is very delayed in putting my recite in my gallery for simple proof. please fix this i am unable to show proof of payment to my clients. thankyou.,3,2025-04-04,Commercial Bank of Ethiopia Mobile,Google Play Store,negative,0.9973511695861816,-1,Performance; Transactions; Ease of Use; Updates
cool ‚ù§,4,2025-04-04,Commercial Bank of Ethiopia Mobile,Google Play Store,positive,0.9997991919517516,1,Other/Uncategorized
Best app,5,2025-04-04,Commercial Bank of Ethiopia Mobile,Google Play Store,positive,0.999686598777771,1,General Positive
great app,5,2025-04-03,Commercial Bank of Ethiopia Mobile,Google Play Store,positive,0.999821126461029,1,General Positive
best banking App,4,2025-04-03,Commercial Bank of Ethiopia Mobile,Google Play Store,positive,0.999736487865448,1,General Positive
satisfied,5,2025-04-03,Commercial Bank of Ethiopia Mobile,Google Play Store,positive,0.9997212290763856,1,Other/Uncategorized
this app is very necessary app many people found it,5,2025-04-03,Commercial Bank of Ethiopia Mobile,Google Play Store,positive,0.9980692267417908,1,Other/Uncategorized
cbe very active Bank I'm using CBE app very very satisfaction,5,2025-04-03,Commercial Bank of Ethiopia Mobile,Google Play Store,positive,0.989459753036499,1,Other/Uncategorized
It made life alot easier. I cant even imagine having to make all those transactions in person. So this app was crucial for me. Very good app. well done.,5,2025-04-03,Commercial Bank of Ethiopia Mobile,Google Play Store,positive,0.9997400641441344,1,Transactions
excellent,5,2025-04-03,Commercial Bank of Ethiopia Mobile,Google Play Store,positive,0.9998434782028198,1,General Positive
perfect,5,2025-04-03,Commercial Bank of Ethiopia Mobile,Google Play Store,positive,0.9998517036437988,1,Other/Uncategorized
thankyou,5,2025-04-02,Commercial Bank of Ethiopia Mobile,Google Play Store,positive,0.999842882156372,1,Other/Uncategorized
I Like it,5,2025-04-02,Commercial Bank of Ethiopia Mobile,Google Play Store,positive,0.99985933303833,1,General Positive
ok,5,2025-04-02,Commercial Bank of Ethiopia Mobile,Google Play Store,positive,0.9997851252555848,1,Other/Uncategorized
"I don't understand the reason, why I need to disable developer options to access the app, it has no security risks nor does it hinder the app's functionalities. This goes out to the dev, I hope your life is filled with inconveniences.",1,2025-04-02,Commercial Bank of Ethiopia Mobile,Google Play Store,negative,0.9986600875854492,-1,Security; Features; Developer Options
smart app,5,2025-04-02,Commercial Bank of Ethiopia Mobile,Google Play Store,positive,0.999789297580719,1,Other/Uncategorized
isin ga'a,2,2025-04-02,Commercial Bank of Ethiopia Mobile,Google Play Store,positive,0.7607262134552002,1,Other/Uncategorized
easy to use,5,2025-04-02,Commercial Bank of Ethiopia Mobile,Google Play Store,positive,0.9988542795181274,1,Ease of Use
it's great,5,2025-04-02,Commercial Bank of Ethiopia Mobile,Google Play Store,positive,0.9998691082000732,1,General Positive
very good app and stars faction with work,5,2025-04-02,Commercial Bank of Ethiopia Mobile,Google Play Store,positive,0.999858856201172,1,General Positive
It is excelent,5,2025-04-01,Commercial Bank of Ethiopia Mobile,Google Play Store,positive,0.9998881816864014,1,Other/Uncategorized
Smart,5,2025-04-01,Commercial Bank of Ethiopia Mobile,Google Play Store,positive,0.9998456239700316,1,Other/Uncategorized
·â†·ã®·ãà·à© ·ä†·çï·ã∞·âµ ·ä•·ã®·å†·ã®·âÄ·äù ·äê·ãç ·àà·äê·åà·à© ·â•·à≠ ·àµ·àå·àà·äù ·ã≠·àÜ·äì·àç ·ä•·äì ·àù·äï ·àà·àõ·àà·âµ ·çà·àç·åà ·àò·à∞·àã·âπ ·ãà·àã·àÖ ·âº·åç·àÆ·äõ·àç ü•∫ü•∫ü•∫,3,2025-04-01,Commercial Bank of Ethiopia Mobile,Google Play Store,negative,0.9570206999778748,-1,Other/Uncategorized
very interesting app,5,2025-04-01,Commercial Bank of Ethiopia Mobile,Google Play Store,positive,0.9997968077659608,1,Other/Uncategorized
i like it,5,2025-04-01,Commercial Bank of Ethiopia Mobile,Google Play Store,positive,0.99985933303833,1,General Positive
wow.......cbe.....keep it up.....!!!!!!,5,2025-04-01,Commercial Bank of Ethiopia Mobile,Google Play Store,positive,0.998596966266632,1,Other/Uncategorized
·åä·ãú·äï ·âÜ·å£·â¢ ·ä•·äì ·àÖ·ã≠·ãà·âµ·äï ·âÄ·àà·àç ·ä®·àö·ã´·ã∞·à≠·åâ ·ä¢·âµ·ã¨·å≤·ã´ ·ä´·àâ ·çã·ã≠·äì·äï·àµ ·ä†·çï·àç·ä¨·àΩ·äñ·âΩ ·àÅ·àâ ·ã≠·àÑ ·ã≠·àà·ã´·àç,5,2025-04-01,Commercial Bank of Ethiopia Mobile,Google Play Store,negative,0.9510264992713928,-1,Other/Uncategorized
Excellentüôèapp,5,2025-04-01,Commercial Bank of Ethiopia Mobile,Google Play Store,negative,0.6970559358596802,-1,General Positive
the most useful,5,2025-04-01,Commercial Bank of Ethiopia Mobile,Google Play Store,positive,0.9997223019599916,1,Other/Uncategorized
I am more satisfied in this app . More sure you have to secure.,4,2025-04-01,Commercial Bank of Ethiopia Mobile,Google Play Store,positive,0.9787845015525818,1,Security
Easy to use,5,2025-04-01,Commercial Bank of Ethiopia Mobile,Google Play Store,positive,0.9988542795181274,1,Ease of Use
"very good, but sometimes NUR CBE comes without my consent. even if I choose locked, it appears",4,2025-04-01,Commercial Bank of Ethiopia Mobile,Google Play Store,negative,0.9585952758789062,-1,General Positive
Excellent !!!,5,2025-04-01,Commercial Bank of Ethiopia Mobile,Google Play Store,positive,0.999865174293518,1,General Positive
always we relay on,5,2025-04-01,Commercial Bank of Ethiopia Mobile,Google Play Store,positive,0.9971832633018494,1,Other/Uncategorized
I'm lucky to have thisüôè thank you CBE.,5,2025-04-01,Commercial Bank of Ethiopia Mobile,Google Play Store,positive,0.999750792980194,1,Other/Uncategorized
it's need more improvement like Tellbirr.,4,2025-04-01,Commercial Bank of Ethiopia Mobile,Google Play Store,negative,0.999363124370575,-1,General Positive
goode app,5,2025-04-01,Commercial Bank of Ethiopia Mobile,Google Play Store,positive,0.9997406601905824,1,General Positive
a very nice app.üëçüëçüëç,5,2025-04-01,Commercial Bank of Ethiopia Mobile,Google Play Store,positive,0.9998323917388916,1,General Positive
safe easy & fast,5,2025-04-01,Commercial Bank of Ethiopia Mobile,Google Play Store,positive,0.999711573123932,1,Performance; Security; Ease of Use
perfect,5,2025-04-01,Commercial Bank of Ethiopia Mobile,Google Play Store,positive,0.9998517036437988,1,Other/Uncategorized
it's good app,5,2025-04-01,Commercial Bank of Ethiopia Mobile,Google Play Store,positive,0.9998689889907836,1,General Positive
nice,5,2025-04-01,Commercial Bank of Ethiopia Mobile,Google Play Store,positive,0.9998552799224854,1,General Positive
good app,5,2025-04-01,Commercial Bank of Ethiopia Mobile,Google Play Store,positive,0.9998493194580078,1,General Positive
It is veary useful app but screen shout was impossible .solve this problem,5,2025-04-01,Commercial Bank of Ethiopia Mobile,Google Play Store,negative,0.9958590865135192,-1,Other/Uncategorized
·å•·à© ·äê·ãç,5,2025-04-01,Commercial Bank of Ethiopia Mobile,Google Play Store,negative,0.7850582003593445,-1,Other/Uncategorized
·ä•·åÖ·åç ·â†·å£·àù ·å•·à© ·ä†·çï,5,2025-04-01,Commercial Bank of Ethiopia Mobile,Google Play Store,negative,0.8616324663162231,-1,Other/Uncategorized
good,5,2025-04-01,Commercial Bank of Ethiopia Mobile,Google Play Store,positive,0.999816119670868,1,General Positive
·â†·å£·àù ·àÉ·à™·çç ·äê·ãç ·åç·äï ·â•·à≠ ·â†·àö·â∞·àã·àà·çç·â†·âµ ·ãà·âÖ·âµ ·â∞·âÄ·äï·à∑·àç ·ã≠·àã·àç ·ä•·àã·çä ·àò·àç·ä≠·â± ·ã≠·ã∞·à≠·à≥·àç ·åç·äï ·ä†·ã≠·âÄ·äï·àµ·àù,5,2025-04-01,Commercial Bank of Ethiopia Mobile,Google Play Store,negative,0.9528432488441468,-1,Other/Uncategorized
suitable app,4,2025-04-01,Commercial Bank of Ethiopia Mobile,Google Play Store,positive,0.9997665286064148,1,User Interface
Dear cbe this app is not comparable with 21century and pls try to solve it.üíÄüíÄüíÄ,1,2025-04-01,Commercial Bank of Ethiopia Mobile,Google Play Store,negative,0.9995038509368896,-1,Other/Uncategorized
Good,5,2025-04-01,Commercial Bank of Ethiopia Mobile,Google Play Store,positive,0.999816119670868,1,General Positive
nice app,5,2025-04-01,Commercial Bank of Ethiopia Mobile,Google Play Store,positive,0.9998061060905457,1,General Positive
best transaction method of financial,5,2025-04-01,Commercial Bank of Ethiopia Mobile,Google Play Store,positive,0.9995972514152528,1,Transactions
#CBE is Now going to on the right Pathway/track/!! Thank you CBE one step ahead on payment platform app!!,5,2025-04-01,Commercial Bank of Ethiopia Mobile,Google Play Store,positive,0.9995881915092468,1,Transactions
It literarily don't work at all,4,2025-04-01,Commercial Bank of Ethiopia Mobile,Google Play Store,negative,0.9995075464248656,-1,Other/Uncategorized
good give us plus,5,2025-04-01,Commercial Bank of Ethiopia Mobile,Google Play Store,positive,0.9998716115951538,1,General Positive
